{
    "exe_script": "exe_wwr_constr",
    "parameters": {
        "wall_thermal_resistance": {
            "range": [
                0.5,
                3
            ]
        },
        "roof_thermal_resistance": {
            "range": [
                3,
                6
            ]
        },
        "floor_thermal_resistance": {
            "range": [
                3,
                6
            ]
        },
        "glazing_uvalue": {
            "range": [
                0.5,
                3
            ]
        },
        "north_wwr": {
            "range": [
                0.1,
                0.4
            ]
        },
        "south_wwr": {
            "range": [
                0.1,
                0.4
            ]
        },
        "east_wwr": {
            "range": [
                0.1,
                0.4
            ]
        },
        "west_wwr": {
            "range": [
                0.1,
                0.4
            ]
        }
    },
    "parameter_normalized_values": [
        [
            0.8561789033375424,
            0.57477438553148,
            0.23845763210560858,
            0.817268851770556,
            0.2631016507342304,
            0.9276675617785646,
            0.6316447609806387,
            0.4059121507767548
        ],
        [
            0.12753856192997368,
            0.34075065472501886,
            0.750750541146879,
            0.6445415804456168,
            0.025261043665539475,
            0.6410502189630627,
            0.23308140227143212,
            0.9889026919067613
        ],
        [
            0.6026643961492608,
            0.10554173710248446,
            0.4370740511821058,
            0.044932490067778066,
            0.8206351140284964,
            0.04193465895310746,
            0.5395740491689415,
            0.724289500664943
        ],
        [
            0.26086743050566674,
            0.848059855549967,
            0.02065990586377948,
            0.5199485013301322,
            0.6247518797012107,
            0.2485646537651729,
            0.1441384200452618,
            0.11214845428566933
        ],
        [
            0.4173177387480064,
            0.7671491832980781,
            0.9945174850161458,
            0.2922587998738126,
            0.599384194596891,
            0.448473148956403,
            0.9149856877664095,
            0.3944256494548731
        ]
    ],
    "parameter_values": [
        [
            2.64,
            4.72,
            3.72,
            2.54,
            0.18,
            0.38,
            0.29,
            0.22
        ],
        [
            0.82,
            4.02,
            5.25,
            2.11,
            0.11,
            0.29,
            0.17,
            0.4
        ],
        [
            2.01,
            3.32,
            4.31,
            0.61,
            0.35,
            0.11,
            0.26,
            0.32
        ],
        [
            1.15,
            5.54,
            3.06,
            1.8,
            0.29,
            0.17,
            0.14,
            0.13
        ],
        [
            1.54,
            5.3,
            5.98,
            1.23,
            0.28,
            0.23,
            0.37,
            0.22
        ]
    ]
}