{
    "exe_script": "exe_wwr_constr",
    "parameters": {
        "wall_thermal_resistance": {
            "range": [
                0.5,
                3
            ]
        },
        "roof_thermal_resistance": {
            "range": [
                3,
                6
            ]
        },
        "floor_thermal_resistance": {
            "range": [
                3,
                6
            ]
        },
        "glazing_uvalue": {
            "range": [
                0.5,
                3
            ]
        },
        "north_wwr": {
            "range": [
                0.1,
                0.4
            ]
        },
        "south_wwr": {
            "range": [
                0.1,
                0.4
            ]
        },
        "east_wwr": {
            "range": [
                0.1,
                0.4
            ]
        },
        "west_wwr": {
            "range": [
                0.1,
                0.4
            ]
        }
    },
    "parameter_normalized_values": [
        [
            0.7589629353507397,
            0.9231974633131109,
            0.12796770225926185,
            0.13858583341160316,
            0.7862468695711938,
            0.6934464250537118,
            0.980846148938461,
            0.17860476822081417
        ],
        [
            0.7668792408630866,
            0.75798262991273,
            0.5649786730840174,
            0.7249861039732685,
            0.995802708506439,
            0.905863269030018,
            0.30707079890410804,
            0.5387092030907769
        ],
        [
            0.9525826814915797,
            0.7035161861518467,
            0.37435846353179997,
            0.0783752981246546,
            0.5548992553603677,
            0.06811900679183283,
            0.5782160984787087,
            0.5687050624999461
        ],
        [
            0.3550757650529385,
            0.17285228693916735,
            0.8237907414108345,
            0.0565885330132512,
            0.08966555480744717,
            0.8905568113361167,
            0.5124510855870226,
            0.8147785413852329
        ],
        [
            0.7329993575568481,
            0.4468559852398873,
            0.46382988325558205,
            0.36196797522668833,
            0.5763264469465402,
            0.1749877011090196,
            0.9473986044005497,
            0.2358433018100777
        ],
        [
            0.19639850544553994,
            0.24737280887997143,
            0.2668482878402548,
            0.245445304966789,
            0.220454076651337,
            0.36436707208608715,
            0.1008508560656753,
            0.43842142582582005
        ],
        [
            0.014298950034747208,
            0.5589616257743799,
            0.486584666991125,
            0.36738455429489475,
            0.1368337223589987,
            0.7102139988856018,
            0.14820533118384202,
            0.8381531027054508
        ],
        [
            0.5586522577351132,
            0.677551153597502,
            0.7320867089717943,
            0.516058962708758,
            0.880511922921714,
            0.4036481301350573,
            0.7728587853671809,
            0.1396770718726152
        ],
        [
            0.8868739026089829,
            0.37880520581004723,
            0.7971951916587917,
            0.4235724565460892,
            0.751266920359675,
            0.20423024045046687,
            0.2721059335158547,
            0.052511476358721526
        ],
        [
            0.06849486034582879,
            0.40080734237160365,
            0.661330635328943,
            0.46864057976917195,
            0.41366947496421863,
            0.32365005197403407,
            0.0039557682717392606,
            0.946981091928537
        ],
        [
            0.10455323030843051,
            0.6458382454984665,
            0.8889405774783055,
            0.2807398192224219,
            0.05618176977003135,
            0.4721282626993644,
            0.23446047290946065,
            0.6371142491314513
        ],
        [
            0.20876382934612472,
            0.6091174399617386,
            0.5225926734524912,
            0.3208799457992594,
            0.6300196783167354,
            0.6581653841436316,
            0.05473991423610929,
            0.6935811781584245
        ],
        [
            0.686288594846678,
            0.10697006435366747,
            0.1830052692438791,
            0.8153088733983794,
            0.8031703096686055,
            0.5329813115483071,
            0.20001227339794872,
            0.06888138449730227
        ],
        [
            0.3895281365556556,
            0.7704081066887658,
            0.3517934600214546,
            0.5438004325538383,
            0.35442585685245925,
            0.7814072090581982,
            0.5610937609998425,
            0.374689958018687
        ],
        [
            0.9784206981998345,
            0.9900528511900821,
            0.2175349321369688,
            0.7911265702758113,
            0.7042033648949622,
            0.12829561266442718,
            0.6764183600355987,
            0.9003575784419886
        ],
        [
            0.13803390975450877,
            0.484334534615434,
            0.08469638030167849,
            0.9175237546812689,
            0.2837890016114855,
            0.9549673220991131,
            0.621877259076103,
            0.26919744022415387
        ],
        [
            0.5235246035672488,
            0.31439170047896603,
            0.5805451816593068,
            0.60486726116909,
            0.3934696890537638,
            0.8420268264921205,
            0.7211775059126369,
            0.977103012990431
        ],
        [
            0.6528145971195731,
            0.27499653168807314,
            0.013795841200945484,
            0.8700713325207448,
            0.024349844900984696,
            0.15121964502603572,
            0.06918629870732435,
            0.7429541063890662
        ],
        [
            0.29642966552000594,
            0.09114340656565217,
            0.9878799578541455,
            0.025735069710242125,
            0.5108170634480963,
            0.23906052491682,
            0.3406875728457688,
            0.36369354965740425
        ],
        [
            0.05905631142422728,
            0.21981496757974597,
            0.3039485491726205,
            0.4396958158340936,
            0.24948821974814067,
            0.9989803706498753,
            0.46607002643979195,
            0.12464626606477486
        ],
        [
            0.9328408068055885,
            0.5926928840418008,
            0.6193632535742187,
            0.586407116369881,
            0.44850621142018415,
            0.04258704500277926,
            0.7600068105247015,
            0.6160013751484649
        ],
        [
            0.598821685495994,
            0.8680313775776533,
            0.6921197284587077,
            0.18006766040627933,
            0.8537661633774635,
            0.8145217312063207,
            0.1847068842947065,
            0.512099835408659
        ],
        [
            0.8318938804256936,
            0.9566327783853512,
            0.7599613730335135,
            0.10911268629129753,
            0.9575522053367698,
            0.26866798562407873,
            0.654521703350333,
            0.8818455418928728
        ],
        [
            0.426246326961821,
            0.03178315913663083,
            0.1581889254259739,
            0.9868063331414454,
            0.19079679841637803,
            0.02825079594933209,
            0.38428783874259953,
            0.3192769026732517
        ],
        [
            0.622495365296805,
            0.3493563671448703,
            0.9452735058286996,
            0.8495432431234928,
            0.9169914458757161,
            0.5673037761707318,
            0.49684499947063687,
            0.41973516883551737
        ],
        [
